x,y,z,u,v,w
0, -270, 0, 68, -38, 30
0, -1070, 0, 68, -38, 30
0, -1870, 0, 70, -41, 31
0, -2670, 0, 71, -43, 31
0, -3470, 0, 73, -46, 32
0, -4270, 0, 75, -49, 33
0, -5070, 0, 77, -50, 33
0, -5870, 0, 78, -55, 35
0, -6670, 0, 80, -58, 36
0, -7470, 0, 82, -62, 37
0, -8270, 0, 85, -66, 37
0, -9070, 0, 86, -69, 38
0, -9870, 0, 88, -74, 39
0, -10670, 0, 90, -78, 40
0, -11470, 0, 92, -83, 41
0, -12270, 0, 94, -87, 41
0, -13070, 0, 96, -92, 42
0, -13870, 0, 98, -97, 42
0, -14670, 0, 100, -102, 43
0, -15470, 0, 102, -107, 44
0, -16270, 0, 104, -113, 45
0, -17070, 0, 106, -119, 45
0, -17870, 0, 108, -125, 45
0, -18670, 0, 110, -130, 46
0, -19470, 0, 112, -137, 47
0, -20270, 0, 114, -143, 46
0, -21070, 0, 116, -148, 47
0, -21870, 0, 118, -154, 46
0, -22670, 0, 119, -160, 47
0, -23470, 0, 121, -168, 47
0, -24270, 0, 123, -173, 46
0, -25070, 0, 124, -178, 46
0, -25870, 0, 125, -183, 45
0, -26670, 0, 128, -190, 45
0, -27470, 0, 128, -195, 44
0, -28270, 0, 129, -199, 42
0, -29070, 0, 130, -204, 42
0, -29870, 0, 132, -210, 41
0, -30670, 0, 133, -213, 39
0, -31470, 0, 133, -216, 38
0, -32270, 0, 134, -221, 36
0, -33070, 0, 136, -224, 34
0, -33870, 0, 136, -225, 32
0, -34670, 0, 136, -227, 30
0, -35470, 0, 136, -229, 28
0, -36270, 0, 137, -230, 26
0, -37070, 0, 137, -231, 23
0, -37870, 0, 137, -230, 20
0, -38670, 0, 137, -230, 18
0, -39470, 0, 137, -229, 15
0, -40270, 0, 138, -227, 13
0, -41070, 0, 136, -225, 9
0, -41870, 0, 135, -223, 7
0, -42670, 0, 135, -219, 3
0, -43470, 0, 134, -216, 1
0, -44270, 0, 133, -211, -2
0, -45070, 0, 133, -208, -5
0, -45870, 0, 131, -204, -8
0, -46670, 0, 130, -199, -10
0, -47470, 0, 129, -193, -13
0, -48270, 0, 128, -189, -16
0, -49070, 0, 127, -183, -18
0, -49870, 0, 125, -177, -21
0, -50670, 0, 124, -171, -24
0, -51470, 0, 122, -165, -25
0, -52270, 0, 120, -159, -28
0, -53070, 0, 119, -153, -29
0, -53870, 0, 117, -147, -31
0, -54670, 0, 115, -142, -32
0, -55470, 0, 114, -135, -34
0, -56270, 0, 112, -129, -36
0, -57070, 0, 109, -123, -37
0, -57870, 0, 107, -118, -38
0, -58670, 0, 106, -112, -39
0, -59470, 0, 103, -106, -40
0, -60270, 0, 101, -102, -40
0, -61070, 0, 99, -96, -41
0, -61870, 0, 98, -91, -41
0, -62670, 0, 95, -86, -41
0, -63470, 0, 94, -82, -42
0, -64270, 0, 91, -78, -42
0, -65070, 0, 89, -73, -42
0, -65870, 0, 87, -69, -41
0, -66670, 0, 85, -65, -41
0, -67470, 0, 83, -62, -41
0, -68270, 0, 81, -58, -40
0, -69070, 0, 79, -54, -41
0, -69870, 0, 78, -51, -40
0, -70670, 0, 76, -49, -39
0, -71470, 0, 74, -46, -39
0, -72270, 0, 72, -43, -38
0, -73070, 0, 70, -40, -37
0, -73870, 0, 69, -37, -37
0, -74670, 0, 68, -35, -36
0, -75470, 0, 65, -33, -35
0, -76270, 0, 64, -31, -35
0, -77070, 0, 63, -29, -34
0, -77870, 0, 61, -28, -32
0, -78670, 0, 60, -25, -32
0, -79470, 0, 58, -23, -31
0, -80270, 0, 56, -22, -30
0, -81070, 0, 55, -21, -29
0, -81870, 0, 54, -19, -28
0, -82670, 0, 53, -18, -28
0, -83470, 0, 51, -17, -27
0, -84270, 0, 50, -15, -26
0, -85070, 0, 49, -14, -25
0, -85870, 0, 48, -13, -25
0, -86670, 0, 47, -13, -24
0, -87470, 0, 45, -12, -23
0, -88270, 0, 44, -11, -22
0, -89070, 0, 43, -11, -21
0, -89870, 0, 42, -10, -21
0, -90670, 0, 41, -9, -20
0, -91470, 0, 41, -8, -20
0, -92270, 0, 39, -7, -18
0, -93070, 0, 38, -6, -18
0, -93870, 0, 38, -6, -18
0, -94670, 0, 37, -5, -16
0, -95470, 0, 35, -4, -17
270, -96000, 0, 35, -5, -16
1070, -96000, 0, 36, -5, -17
1870, -96000, 0, 37, -6, -18
2670, -96000, 0, 36, -5, -17
3470, -96000, 0, 38, -6, -20
4270, -96000, 0, 38, -6, -20
5070, -96000, 0, 39, -7, -22
5870, -96000, 0, 40, -6, -23
6670, -96000, 0, 40, -6, -23
7470, -96000, 0, 41, -6, -25
8000, -95730, 0, 42, -6, -25
8000, -94930, 0, 42, -6, -26
8000, -94130, 0, 43, -6, -26
8000, -93330, 0, 44, -7, -27
8000, -92530, 0, 44, -7, -28
8000, -91730, 0, 45, -8, -29
8000, -90930, 0, 46, -8, -30
8000, -90130, 0, 47, -9, -31
8000, -89330, 0, 48, -10, -33
8000, -88530, 0, 49, -11, -34
8000, -87730, 0, 52, -12, -35
8000, -86930, 0, 53, -13, -37
8000, -86130, 0, 54, -15, -38
8000, -85330, 0, 56, -16, -40
8000, -84530, 0, 57, -16, -42
8000, -83730, 0, 60, -18, -44
8000, -82930, 0, 61, -20, -45
8000, -82130, 0, 63, -22, -47
8000, -81330, 0, 65, -23, -49
8000, -80530, 0, 66, -25, -51
8000, -79730, 0, 68, -28, -53
8000, -78930, 0, 71, -30, -56
8000, -78130, 0, 73, -31, -58
8000, -77330, 0, 75, -35, -60
8000, -76530, 0, 78, -38, -62
8000, -75730, 0, 80, -41, -65
8000, -74930, 0, 83, -45, -67
8000, -74130, 0, 85, -48, -69
8000, -73330, 0, 88, -51, -72
8000, -72530, 0, 91, -56, -74
8000, -71730, 0, 94, -61, -77
8000, -70930, 0, 97, -66, -80
8000, -70130, 0, 99, -71, -82
8000, -69330, 0, 103, -76, -84
8000, -68530, 0, 106, -83, -87
8000, -67730, 0, 110, -89, -90
8000, -66930, 0, 112, -97, -92
8000, -66130, 0, 115, -103, -94
8000, -65330, 0, 119, -112, -97
8000, -64530, 0, 122, -121, -98
8000, -63730, 0, 125, -130, -100
8000, -62930, 0, 129, -140, -102
8000, -62130, 0, 133, -151, -103
8000, -61330, 0, 136, -162, -104
8000, -60530, 0, 141, -173, -105
8000, -59730, 0, 144, -186, -107
8000, -58930, 0, 147, -199, -106
8000, -58130, 0, 150, -215, -106
8000, -57330, 0, 153, -228, -105
8000, -56530, 0, 156, -243, -105
8000, -55730, 0, 161, -261, -103
8000, -54930, 0, 163, -277, -101
8000, -54130, 0, 165, -290, -99
8000, -53330, 0, 170, -298, -96
8000, -52530, 0, 173, -301, -93
8000, -51730, 0, 174, -304, -89
8000, -50930, 0, 176, -306, -84
8000, -50130, 0, 180, -307, -80
8000, -49330, 0, 182, -309, -74
8000, -48530, 0, 183, -309, -67
8000, -47730, 0, 184, -310, -61
8000, -46930, 0, 187, -311, -56
8000, -46130, 0, 190, -312, -48
8000, -45330, 0, 189, -313, -40
8000, -44530, 0, 190, -313, -32
8000, -43730, 0, 192, -314, -25
8000, -42930, 0, 193, -314, -16
8000, -42130, 0, 193, -314, -8
8000, -41330, 0, 193, -315, 1
8000, -40530, 0, 195, -315, 9
8000, -39730, 0, 196, -315, 18
8000, -38930, 0, 194, -315, 26
8000, -38130, 0, 194, -316, 35
8000, -37330, 0, 196, -316, 43
8000, -36530, 0, 197, -316, 51
8000, -35730, 0, 195, -316, 59
8000, -34930, 0, 194, -315, 65
8000, -34130, 0, 197, -316, 72
8000, -33330, 0, 197, -316, 78
8000, -32530, 0, 194, -316, 83
8000, -31730, 0, 194, -315, 88
8000, -30930, 0, 196, -316, 93
8000, -30130, 0, 195, -315, 98
8000, -29330, 0, 192, -315, 102
8000, -28530, 0, 192, -315, 105
8000, -27730, 0, 193, -314, 107
8000, -26930, 0, 193, -314, 110
8000, -26130, 0, 190, -313, 112
8000, -25330, 0, 188, -312, 112
8000, -24530, 0, 189, -312, 114
8000, -23730, 0, 187, -311, 114
8000, -22930, 0, 183, -310, 113
8000, -22130, 0, 181, -310, 113
8000, -21330, 0, 181, -308, 112
8000, -20530, 0, 179, -307, 112
8000, -19730, 0, 175, -306, 110
8000, -18930, 0, 172, -304, 108
8000, -18130, 0, 171, -302, 106
8000, -17330, 0, 168, -298, 105
8000, -16530, 0, 164, -292, 102
8000, -15730, 0, 161, -276, 100
8000, -14930, 0, 158, -261, 98
8000, -14130, 0, 155, -246, 95
8000, -13330, 0, 151, -230, 93
8000, -12530, 0, 147, -215, 90
8000, -11730, 0, 145, -201, 87
8000, -10930, 0, 142, -188, 85
8000, -10130, 0, 137, -175, 82
8000, -9330, 0, 134, -162, 79
8000, -8530, 0, 131, -151, 77
8000, -7730, 0, 127, -141, 74
8000, -6930, 0, 123, -131, 71
8000, -6130, 0, 120, -121, 69
8000, -5330, 0, 117, -112, 66
8000, -4530, 0, 114, -104, 64
8000, -3730, 0, 110, -97, 62
8000, -2930, 0, 107, -89, 59
8000, -2130, 0, 104, -83, 57
8000, -1330, 0, 100, -77, 55
8000, -530, 0, 98, -71, 53
8270, 0, 0, 96, -68, 52
9070, 0, 0, 99, -71, 54
9870, 0, 0, 102, -74, 59
10670, 0, 0, 106, -77, 61
11470, 0, 0, 109, -80, 65
12270, 0, 0, 112, -83, 68
13070, 0, 0, 116, -86, 71
13870, 0, 0, 120, -90, 76
14670, 0, 0, 123, -93, 79
15470, 0, 0, 126, -95, 83
16000, -270, 0, 129, -97, 86
16000, -1070, 0, 129, -95, 85
16000, -1870, 0, 134, -102, 89
16000, -2670, 0, 137, -110, 92
16000, -3470, 0, 140, -117, 95
16000, -4270, 0, 145, -128, 100
16000, -5070, 0, 148, -137, 104
16000, -5870, 0, 152, -148, 108
16000, -6670, 0, 156, -163, 114
16000, -7470, 0, 162, -180, 120
16000, -8270, 0, 168, -199, 126
16000, -9070, 0, 171, -216, 132
16000, -9870, 0, 175, -235, 138
16000, -10670, 0, 180, -258, 145
16000, -11470, 0, 186, -284, 153
16000, -12270, 0, 189, -296, 160
16000, -13070, 0, 191, -301, 168
16000, -13870, 0, 196, -304, 176
16000, -14670, 0, 200, -306, 185
16000, -15470, 0, 200, -309, 192
16000, -16270, 0, 200, -310, 200
16000, -17070, 0, 202, -311, 210
16000, -17870, 0, 203, -312, 218
16000, -18670, 0, 199, -313, 226
16000, -19470, 0, 194, -314, 233
16000, -20270, 0, 191, -315, 242
16000, -21070, 0, 188, -316, 250
16000, -21870, 0, 177, -316, 256
16000, -22670, 0, 164, -316, 263
16000, -23470, 0, 154, -317, 270
16000, -24270, 0, 143, -317, 275
16000, -25070, 0, 124, -317, 277
16000, -25870, 0, 103, -318, 280
16000, -26670, 0, 82, -317, 283
16000, -27470, 0, 65, -317, 284
16000, -28270, 0, 35, -317, 282
16000, -29070, 0, 6, -317, 278
16000, -29870, 0, -30, -317, 277
16000, -30670, 0, -52, -316, 271
16000, -31470, 0, -85, -316, 263
16000, -32270, 0, -118, -315, 253
16000, -33070, 0, -146, -315, 245
16000, -33870, 0, -166, -315, 233
16000, -34670, 0, -191, -315, 220
16000, -35470, 0, -221, -315, 206
16000, -36270, 0, -235, -314, 191
16000, -37070, 0, -238, -315, 175
16000, -37870, 0, -241, -315, 158
16000, -38670, 0, -251, -314, 140
16000, -39470, 0, -242, -315, 122
16000, -40270, 0, -221, -315, 104
16000, -41070, 0, -206, -315, 85
16000, -41870, 0, -194, -316, 66
16000, -42670, 0, -167, -316, 46
16000, -43470, 0, -133, -316, 26
16000, -44270, 0, -110, -317, 7
16000, -45070, 0, -86, -317, -12
16000, -45870, 0, -49, -317, -32
16000, -46670, 0, -15, -318, -52
16000, -47470, 0, 9, -318, -70
16000, -48270, 0, 33, -318, -87
16000, -49070, 0, 63, -318, -108
16000, -49870, 0, 92, -318, -128
16000, -50670, 0, 107, -318, -145
16000, -51470, 0, 121, -318, -160
16000, -52270, 0, 142, -317, -178
16000, -53070, 0, 158, -317, -192
16000, -53870, 0, 165, -317, -204
16000, -54670, 0, 172, -316, -216
16000, -55470, 0, 183, -315, -228
16000, -56270, 0, 190, -315, -237
16000, -57070, 0, 190, -313, -242
16000, -57870, 0, 191, -312, -247
16000, -58670, 0, 195, -311, -252
16000, -59470, 0, 197, -310, -254
16000, -60270, 0, 192, -308, -252
16000, -61070, 0, 191, -306, -252
16000, -61870, 0, 190, -303, -252
16000, -62670, 0, 188, -300, -249
16000, -63470, 0, 183, -294, -243
16000, -64270, 0, 178, -278, -239
16000, -65070, 0, 176, -254, -233
16000, -65870, 0, 173, -231, -227
16000, -66670, 0, 167, -211, -220
16000, -67470, 0, 161, -193, -213
16000, -68270, 0, 159, -175, -206
16000, -69070, 0, 153, -159, -198
16000, -69870, 0, 147, -145, -191
16000, -70670, 0, 143, -133, -184
16000, -71470, 0, 139, -120, -175
16000, -72270, 0, 135, -109, -168
16000, -73070, 0, 130, -99, -160
16000, -73870, 0, 125, -90, -154
16000, -74670, 0, 121, -81, -147
16000, -75470, 0, 117, -74, -139
16000, -76270, 0, 113, -68, -133
16000, -77070, 0, 109, -62, -127
16000, -77870, 0, 105, -56, -120
16000, -78670, 0, 102, -51, -114
16000, -79470, 0, 98, -47, -109
16000, -80270, 0, 94, -43, -104
16000, -81070, 0, 91, -38, -99
16000, -81870, 0, 88, -35, -94
16000, -82670, 0, 85, -32, -89
16000, -83470, 0, 82, -30, -85
16000, -84270, 0, 79, -27, -80
16000, -85070, 0, 76, -24, -76
16000, -85870, 0, 74, -22, -72
16000, -86670, 0, 71, -20, -69
16000, -87470, 0, 69, -18, -65
16000, -88270, 0, 66, -16, -61
16000, -89070, 0, 65, -15, -58
16000, -89870, 0, 62, -13, -56
16000, -90670, 0, 61, -11, -52
16000, -91470, 0, 59, -11, -50
16000, -92270, 0, 56, -9, -47
16000, -93070, 0, 54, -8, -45
16000, -93870, 0, 53, -6, -43
16000, -94670, 0, 52, -6, -41
16000, -95470, 0, 50, -6, -39
16270, -96000, 0, 49, -6, -38
17070, -96000, 0, 50, -6, -40
17870, -96000, 0, 50, -6, -42
18670, -96000, 0, 51, -5, -43
19470, -96000, 0, 52, -6, -46
20270, -96000, 0, 53, -5, -47
21070, -96000, 0, 53, -5, -48
21870, -96000, 0, 53, -4, -50
22670, -96000, 0, 55, -4, -52
23470, -96000, 0, 55, -4, -53
24000, -95730, 0, 56, -4, -54
24000, -94930, 0, 56, -3, -56
24000, -94130, 0, 58, -4, -58
24000, -93330, 0, 59, -5, -60
24000, -92530, 0, 61, -5, -63
24000, -91730, 0, 63, -6, -67
24000, -90930, 0, 65, -6, -71
24000, -90130, 0, 68, -8, -75
24000, -89330, 0, 70, -9, -80
24000, -88530, 0, 73, -10, -85
24000, -87730, 0, 75, -11, -90
24000, -86930, 0, 78, -13, -96
24000, -86130, 0, 81, -14, -102
24000, -85330, 0, 84, -16, -109
24000, -84530, 0, 88, -18, -115
24000, -83730, 0, 91, -20, -123
24000, -82930, 0, 94, -23, -131
24000, -82130, 0, 98, -26, -139
24000, -81330, 0, 102, -29, -149
24000, -80530, 0, 106, -32, -159
24000, -79730, 0, 110, -36, -169
24000, -78930, 0, 115, -40, -181
24000, -78130, 0, 119, -45, -194
24000, -77330, 0, 124, -51, -206
24000, -76530, 0, 129, -57, -220
24000, -75730, 0, 134, -64, -234
24000, -74930, 0, 139, -72, -251
24000, -74130, 0, 143, -81, -267
24000, -73330, 0, 148, -91, -283
24000, -72530, 0, 155, -101, -295
24000, -71730, 0, 160, -114, -300
24000, -70930, 0, 163, -128, -304
24000, -70130, 0, 168, -143, -306
24000, -69330, 0, 174, -161, -307
24000, -68530, 0, 177, -182, -309
24000, -67730, 0, 179, -204, -310
24000, -66930, 0, 180, -228, -311
24000, -66130, 0, 183, -255, -311
24000, -65330, 0, 182, -285, -312
24000, -64530, 0, 174, -299, -313
24000, -63730, 0, 166, -304, -312
24000, -62930, 0, 160, -307, -312
24000, -62130, 0, 143, -310, -312
24000, -61330, 0, 115, -311, -312
24000, -60530, 0, 80, -313, -310
24000, -59730, 0, 42, -314, -309
24000, -58930, 0, -20, -315, -308
24000, -58130, 0, -114, -315, -303
24000, -57330, 0, -224, -315, -290
24000, -56530, 0, -306, -315, -253
24000, -55730, 0, -315, -314, -207
24000, -54930, 0, -320, -313, -163
24000, -54130, 0, -323, -312, -124
24000, -53330, 0, -327, -309, -86
24000, -52530, 0, -328, -305, -51
24000, -51730, 0, -329, -284, -21
24000, -50930, 0, -330, -216, 2
24000, -50130, 0, -330, -141, 24
24000, -49330, 0, -330, -63, 41
24000, -48530, 0, -330, 10, 51
24000, -47730, 0, -330, 74, 57
24000, -46930, 0, -330, 142, 62
24000, -46130, 0, -330, 201, 63
24000, -45330, 0, -330, 244, 60
24000, -44530, 0, -330, 281, 55
24000, -43730, 0, -330, 321, 50
24000, -42930, 0, -330, 351, 43
24000, -42130, 0, -329, 364, 35
24000, -41330, 0, -329, 373, 27
24000, -40530, 0, -329, 379, 18
24000, -39730, 0, -328, 381, 10
24000, -38930, 0, -329, 381, 4
24000, -38130, 0, -328, 381, 1
24000, -37330, 0, -329, 382, -3
24000, -36530, 0, -328, 382, -4
24000, -35730, 0, -328, 382, 0
24000, -34930, 0, -329, 381, 8
24000, -34130, 0, -329, 382, 16
24000, -33330, 0, -329, 381, 29
24000, -32530, 0, -329, 380, 48
24000, -31730, 0, -329, 378, 73
24000, -30930, 0, -329, 376, 99
24000, -30130, 0, -330, 372, 129
24000, -29330, 0, -329, 352, 164
24000, -28530, 0, -330, 327, 203
24000, -27730, 0, -330, 307, 242
24000, -26930, 0, -330, 274, 283
24000, -26130, 0, -330, 228, 323
24000, -25330, 0, -330, 180, 361
24000, -24530, 0, -330, 133, 378
24000, -23730, 0, -330, 76, 382
24000, -22930, 0, -329, 5, 384
24000, -22130, 0, -329, -65, 385
24000, -21330, 0, -328, -131, 386
24000, -20530, 0, -327, -197, 386
24000, -19730, 0, -326, -266, 386
24000, -18930, 0, -323, -301, 385
24000, -18130, 0, -320, -307, 385
24000, -17330, 0, -316, -310, 385
24000, -16530, 0, -310, -311, 384
24000, -15730, 0, -260, -313, 383
24000, -14930, 0, -134, -313, 382
24000, -14130, 0, -42, -314, 379
24000, -13330, 0, 24, -314, 374
24000, -12530, 0, 78, -313, 361
24000, -11730, 0, 121, -312, 343
24000, -10930, 0, 148, -311, 324
24000, -10130, 0, 163, -309, 304
24000, -9330, 0, 178, -307, 285
24000, -8530, 0, 189, -305, 268
24000, -7730, 0, 194, -300, 252
24000, -6930, 0, 194, -289, 235
24000, -6130, 0, 193, -261, 220
24000, -5330, 0, 194, -235, 206
24000, -4530, 0, 191, -210, 193
24000, -3730, 0, 186, -187, 182
24000, -2930, 0, 180, -166, 169
24000, -2130, 0, 177, -148, 159
24000, -1330, 0, 172, -131, 149
24000, -530, 0, 165, -117, 139
24270, 0, 0, 162, -107, 134
25070, 0, 0, 165, -107, 141
25870, 0, 0, 168, -106, 146
26670, 0, 0, 171, -105, 152
27470, 0, 0, 173, -103, 157
28270, 0, 0, 176, -100, 163
29070, 0, 0, 178, -96, 169
29870, 0, 0, 180, -93, 175
30670, 0, 0, 182, -89, 181
31470, 0, 0, 183, -84, 185
32000, -270, 0, 187, -80, 189
32000, -1070, 0, 189, -78, 188
32000, -1870, 0, 194, -88, 200
32000, -2670, 0, 196, -99, 211
32000, -3470, 0, 197, -108, 223
32000, -4270, 0, 199, -124, 239
32000, -5070, 0, 202, -139, 252
32000, -5870, 0, 195, -158, 270
32000, -6670, 0, 187, -180, 291
32000, -7470, 0, 176, -206, 314
32000, -8270, 0, 159, -234, 339
32000, -9070, 0, 122, -260, 363
32000, -9870, 0, 73, -283, 375
32000, -10670, 0, 6, -296, 380
32000, -11470, 0, -97, -300, 383
32000, -12270, 0, -252, -301, 384
32000, -13070, 0, -309, -302, 385
32000, -13870, 0, -317, -301, 386
32000, -14670, 0, -322, -299, 387
32000, -15470, 0, -325, -289, 387
32000, -16270, 0, -326, -255, 387
32000, -17070, 0, -328, -208, 388
32000, -17870, 0, -328, -156, 389
32000, -18670, 0, -328, -102, 388
32000, -19470, 0, -328, -48, 387
32000, -20270, 0, -328, 11, 386
32000, -21070, 0, -328, 65, 384
32000, -21870, 0, -328, 108, 380
32000, -22670, 0, -326, 143, 349
32000, -23470, 0, -324, 177, 265
32000, -24270, 0, -321, 204, 181
32000, -25070, 0, -318, 219, 101
32000, -25870, 0, -313, 229, 26
32000, -26670, 0, -303, 241, -51
32000, -27470, 0, -197, 250, -117
32000, -28270, 0, -102, 253, -165
32000, -29070, 0, -24, 255, -205
32000, -29870, 0, 54, 259, -241
32000, -30670, 0, 111, 262, -263
32000, -31470, 0, 136, 262, -266
32000, -32270, 0, 163, 261, -266
32000, -33070, 0, 195, 263, -263
32000, -33870, 0, 218, 264, -254
32000, -34670, 0, 227, 263, -237
32000, -35470, 0, 237, 261, -220
32000, -36270, 0, 252, 264, -203
32000, -37070, 0, 262, 266, -184
32000, -37870, 0, 260, 265, -162
32000, -38670, 0, 261, 265, -142
32000, -39470, 0, 268, 267, -119
32000, -40270, 0, 270, 269, -98
32000, -41070, 0, 262, 269, -75
32000, -41870, 0, 256, 269, -54
32000, -42670, 0, 254, 272, -31
32000, -43470, 0, 247, 275, -8
32000, -44270, 0, 227, 275, 13
32000, -45070, 0, 207, 274, 34
32000, -45870, 0, 189, 276, 59
32000, -46670, 0, 161, 279, 82
32000, -47470, 0, 111, 276, 104
32000, -48270, 0, 55, 273, 126
32000, -49070, 0, -16, 271, 152
32000, -49870, 0, -117, 266, 177
32000, -50670, 0, -261, 255, 197
32000, -51470, 0, -310, 238, 221
32000, -52270, 0, -317, 221, 246
32000, -53070, 0, -321, 196, 269
32000, -53870, 0, -325, 156, 284
32000, -54670, 0, -327, 111, 297
32000, -55470, 0, -328, 57, 312
32000, -56270, 0, -329, -5, 317
32000, -57070, 0, -329, -72, 308
32000, -57870, 0, -328, -135, 293
32000, -58670, 0, -329, -202, 270
32000, -59470, 0, -329, -261, 231
32000, -60270, 0, -329, -295, 177
32000, -61070, 0, -328, -302, 115
32000, -61870, 0, -327, -306, 42
32000, -62670, 0, -323, -306, -44
32000, -63470, 0, -318, -307, -137
32000, -64270, 0, -311, -306, -223
32000, -65070, 0, -257, -305, -298
32000, -65870, 0, -109, -303, -307
32000, -66670, 0, -20, -298, -310
32000, -67470, 0, 44, -285, -312
32000, -68270, 0, 104, -253, -314
32000, -69070, 0, 135, -223, -315
32000, -69870, 0, 150, -197, -315
32000, -70670, 0, 161, -173, -315
32000, -71470, 0, 173, -148, -315
32000, -72270, 0, 178, -130, -314
32000, -73070, 0, 177, -113, -313
32000, -73870, 0, 173, -98, -311
32000, -74670, 0, 173, -84, -311
32000, -75470, 0, 170, -74, -310
32000, -76270, 0, 164, -64, -309
32000, -77070, 0, 161, -56, -307
32000, -77870, 0, 155, -48, -305
32000, -78670, 0, 151, -42, -303
32000, -79470, 0, 144, -37, -299
32000, -80270, 0, 139, -32, -292
32000, -81070, 0, 133, -26, -275
32000, -81870, 0, 129, -23, -256
32000, -82670, 0, 124, -20, -239
32000, -83470, 0, 118, -17, -222
32000, -84270, 0, 114, -14, -203
32000, -85070, 0, 109, -12, -189
32000, -85870, 0, 104, -10, -176
32000, -86670, 0, 100, -8, -163
32000, -87470, 0, 96, -7, -151
32000, -88270, 0, 93, -6, -141
32000, -89070, 0, 89, -4, -131
32000, -89870, 0, 85, -3, -122
32000, -90670, 0, 82, -2, -113
32000, -91470, 0, 79, -1, -106
32000, -92270, 0, 76, -1, -99
32000, -93070, 0, 73, 0, -92
32000, -93870, 0, 70, 1, -86
32000, -94670, 0, 68, 2, -81
32000, -95470, 0, 65, 1, -76
32000, -96000, 270, 52, -1, -74
32000, -95548, 618, 40, -4, -76
32000, -94748, 618, 40, -3, -76
32000, -93948, 618, 41, -4, -80
32000, -93148, 618, 42, -4, -84
32000, -92348, 618, 42, -5, -89
32000, -91548, 618, 43, -6, -93
32000, -90748, 618, 43, -6, -98
32000, -89948, 618, 43, -8, -103
32000, -89148, 618, 44, -9, -109
32000, -88348, 618, 44, -10, -114
32000, -87548, 618, 45, -10, -120
32000, -86748, 618, 45, -12, -126
32000, -85948, 618, 45, -14, -133
32000, -85148, 618, 45, -16, -140
32000, -84348, 618, 44, -17, -147
32000, -83548, 618, 43, -19, -154
32000, -82748, 618, 42, -21, -161
32000, -81948, 618, 41, -23, -169
32000, -81148, 618, 40, -26, -177
32000, -80348, 618, 37, -29, -184
32000, -79548, 618, 34, -32, -192
32000, -78748, 618, 31, -34, -200
32000, -77948, 618, 26, -38, -208
32000, -77148, 618, 22, -43, -214
32000, -76348, 618, 16, -47, -221
32000, -75548, 618, 10, -51, -228
32000, -74748, 618, 2, -56, -234
32000, -73948, 618, -9, -60, -237
32000, -73148, 618, -20, -67, -241
32000, -72348, 618, -31, -72, -244
32000, -71548, 618, -46, -79, -244
32000, -70748, 618, -63, -85, -242
32000, -69948, 618, -83, -92, -239
32000, -69148, 618, -103, -98, -236
32000, -68348, 618, -127, -105, -229
32000, -67548, 618, -153, -112, -219
32000, -66748, 618, -183, -119, -207
32000, -65948, 618, -213, -125, -196
32000, -65148, 618, -246, -130, -181
32000, -64348, 618, -280, -134, -164
32000, -63548, 618, -300, -139, -146
32000, -62748, 618, -305, -142, -130
32000, -61948, 618, -308, -143, -111
32000, -61148, 618, -310, -142, -92
32000, -60348, 618, -312, -142, -73
32000, -59548, 618, -313, -139, -56
32000, -58748, 618, -313, -135, -40
32000, -57948, 618, -314, -129, -24
32000, -57148, 618, -314, -121, -10
32000, -56348, 618, -315, -113, 2
32000, -55548, 618, -315, -104, 14
32000, -54748, 618, -314, -93, 22
32000, -53948, 618, -314, -82, 30
32000, -53148, 618, -314, -72, 36
32000, -52348, 618, -313, -61, 41
32000, -51548, 618, -312, -50, 43
32000, -50748, 618, -311, -39, 44
32000, -49948, 618, -310, -28, 45
32000, -49148, 618, -309, -18, 45
32000, -48348, 618, -307, -9, 42
32000, -47548, 618, -305, -1, 40
32000, -46748, 618, -302, 7, 37
32000, -45948, 618, -296, 15, 34
32000, -45148, 618, -286, 21, 29
32000, -44348, 618, -268, 27, 25
32000, -43548, 618, -251, 33, 20
32000, -42748, 618, -236, 38, 16
32000, -41948, 618, -225, 40, 10
32000, -41148, 618, -213, 44, 5
32000, -40348, 618, -203, 47, 1
32000, -39548, 618, -196, 49, -4
32000, -38748, 618, -192, 50, -8
32000, -37948, 618, -189, 52, -11
32000, -37148, 618, -186, 53, -15
32000, -36348, 618, -186, 53, -18
32000, -35548, 618, -190, 52, -19
32000, -34748, 618, -193, 52, -20
32000, -33948, 618, -198, 51, -22
32000, -33148, 618, -205, 49, -20
32000, -32348, 618, -217, 47, -18
32000, -31548, 618, -228, 44, -15
32000, -30748, 618, -239, 42, -11
32000, -29948, 618, -253, 38, -4
32000, -29148, 618, -271, 33, 4
32000, -28348, 618, -288, 28, 13
32000, -27548, 618, -297, 24, 23
32000, -26748, 618, -302, 18, 36
32000, -25948, 618, -305, 10, 51
32000, -25148, 618, -307, 3, 65
32000, -24348, 618, -308, -4, 81
32000, -23548, 618, -309, -13, 97
32000, -22748, 618, -311, -23, 115
32000, -21948, 618, -312, -32, 133
32000, -21148, 618, -312, -42, 150
32000, -20348, 618, -313, -52, 167
32000, -19548, 618, -313, -63, 184
32000, -18748, 618, -313, -73, 199
32000, -17948, 618, -314, -82, 213
32000, -17148, 618, -313, -92, 224
32000, -16348, 618, -313, -100, 234
32000, -15548, 618, -313, -109, 242
32000, -14748, 618, -312, -116, 250
32000, -13948, 618, -311, -121, 253
32000, -13148, 618, -309, -126, 254
32000, -12348, 618, -307, -129, 255
32000, -11548, 618, -305, -131, 255
32000, -10748, 618, -299, -131, 253
32000, -9948, 618, -281, -130, 247
32000, -9148, 618, -247, -128, 242
32000, -8348, 618, -215, -125, 238
32000, -7548, 618, -184, -121, 232
32000, -6748, 618, -153, -116, 223
32000, -5948, 618, -126, -111, 216
32000, -5148, 618, -102, -105, 209
32000, -4348, 618, -80, -99, 200
32000, -3548, 618, -60, -92, 192
32000, -2748, 618, -42, -86, 184
32000, -1948, 618, -27, -80, 176
32000, -1148, 618, -13, -74, 168
32000, -348, 618, -2, -68, 160
31548, 0, 618, 3, -65, 157
30748, 0, 618, 6, -69, 154
29948, 0, 618, 10, -72, 151
29148, 0, 618, 13, -75, 147
28348, 0, 618, 17, -78, 144
27548, 0, 618, 20, -81, 140
26748, 0, 618, 23, -83, 137
25948, 0, 618, 26, -86, 133
25148, 0, 618, 30, -87, 129
24348, 0, 618, 32, -89, 125
24000, -452, 618, 34, -89, 124
24000, -1252, 618, 35, -90, 125
24000, -2052, 618, 31, -96, 129
24000, -2852, 618, 26, -102, 134
24000, -3652, 618, 22, -107, 138
24000, -4452, 618, 17, -112, 142
24000, -5252, 618, 13, -117, 145
24000, -6052, 618, 2, -127, 153
24000, -6852, 618, -8, -134, 158
24000, -7652, 618, -18, -142, 165
24000, -8452, 618, -30, -150, 171
24000, -9252, 618, -44, -158, 176
24000, -10052, 618, -60, -165, 182
24000, -10852, 618, -78, -173, 189
24000, -11652, 618, -97, -181, 195
24000, -12452, 618, -116, -185, 199
24000, -13252, 618, -139, -191, 205
24000, -14052, 618, -164, -195, 210
24000, -14852, 618, -189, -198, 214
24000, -15652, 618, -214, -199, 216
24000, -16452, 618, -241, -198, 219
24000, -17252, 618, -270, -198, 221
24000, -18052, 618, -292, -195, 222
24000, -18852, 618, -300, -190, 221
24000, -19652, 618, -303, -183, 219
24000, -20452, 618, -306, -178, 217
24000, -21252, 618, -307, -170, 214
24000, -22052, 618, -308, -161, 210
24000, -22852, 618, -309, -151, 202
24000, -23652, 618, -310, -140, 197
24000, -24452, 618, -311, -130, 189
24000, -25252, 618, -311, -118, 180
24000, -26052, 618, -312, -107, 170
24000, -26852, 618, -312, -95, 161
24000, -27652, 618, -312, -85, 151
24000, -28452, 618, -312, -75, 140
24000, -29252, 618, -312, -65, 130
24000, -30052, 618, -312, -55, 120
24000, -30852, 618, -312, -48, 110
24000, -31652, 618, -312, -40, 100
24000, -32452, 618, -312, -33, 90
24000, -33252, 618, -312, -23, 79
24000, -34052, 618, -312, -18, 72
24000, -34852, 618, -312, -15, 64
24000, -35652, 618, -313, -11, 57
24000, -36452, 618, -312, -7, 51
24000, -37252, 618, -312, -6, 45
24000, -38052, 618, -312, -6, 41
24000, -38852, 618, -312, -6, 36
24000, -39652, 618, -312, -5, 31
24000, -40452, 618, -312, -7, 27
24000, -41252, 618, -312, -10, 25
24000, -42052, 618, -312, -15, 23
24000, -42852, 618, -312, -18, 20
24000, -43652, 618, -313, -24, 18
24000, -44452, 618, -312, -32, 16
24000, -45252, 618, -313, -38, 14
24000, -46052, 618, -313, -47, 12
24000, -46852, 618, -313, -56, 9
24000, -47652, 618, -313, -67, 7
24000, -48452, 618, -313, -78, 4
24000, -49252, 618, -313, -89, 0
24000, -50052, 618, -313, -102, -4
24000, -50852, 618, -313, -113, -9
24000, -51652, 618, -313, -125, -14
24000, -52452, 618, -312, -138, -20
24000, -53252, 618, -312, -151, -28
24000, -54052, 618, -311, -162, -34
24000, -54852, 618, -310, -173, -43
24000, -55652, 618, -310, -184, -52
24000, -56452, 618, -308, -194, -62
24000, -57252, 618, -308, -200, -71
24000, -58052, 618, -306, -207, -82
24000, -58852, 618, -304, -213, -93
24000, -59652, 618, -301, -217, -105
24000, -60452, 618, -294, -217, -115
24000, -61252, 618, -275, -217, -126
24000, -62052, 618, -245, -216, -139
24000, -62852, 618, -218, -214, -149
24000, -63652, 618, -194, -209, -157
24000, -64452, 618, -168, -203, -166
24000, -65252, 618, -144, -197, -176
24000, -66052, 618, -121, -190, -183
24000, -66852, 618, -102, -182, -188
24000, -67652, 618, -84, -173, -192
24000, -68452, 618, -66, -165, -197
24000, -69252, 618, -51, -156, -199
24000, -70052, 618, -37, -147, -201
24000, -70852, 618, -26, -138, -201
24000, -71652, 618, -14, -130, -202
24000, -72452, 618, -4, -120, -200
24000, -73252, 618, 3, -112, -197
24000, -74052, 618, 10, -105, -195
24000, -74852, 618, 18, -96, -191
24000, -75652, 618, 23, -90, -187
24000, -76452, 618, 27, -84, -182
24000, -77252, 618, 32, -76, -177
24000, -78052, 618, 35, -71, -172
24000, -78852, 618, 38, -65, -166
24000, -79652, 618, 39, -61, -160
24000, -80452, 618, 42, -56, -155
24000, -81252, 618, 43, -51, -149
24000, -82052, 618, 44, -47, -143
24000, -82852, 618, 45, -44, -138
24000, -83652, 618, 45, -40, -131
24000, -84452, 618, 46, -37, -126
24000, -85252, 618, 46, -34, -121
24000, -86052, 618, 46, -31, -116
24000, -86852, 618, 46, -28, -110
24000, -87652, 618, 46, -26, -106
24000, -88452, 618, 46, -24, -102
24000, -89252, 618, 45, -22, -97
24000, -90052, 618, 44, -20, -93
24000, -90852, 618, 44, -18, -88
24000, -91652, 618, 43, -17, -85
24000, -92452, 618, 43, -16, -81
24000, -93252, 618, 42, -14, -76
24000, -94052, 618, 41, -13, -74
24000, -94852, 618, 41, -11, -70
24000, -95652, 618, 40, -10, -67
23548, -96000, 618, 39, -11, -65
22748, -96000, 618, 41, -11, -63
21948, -96000, 618, 39, -11, -61
21148, -96000, 618, 39, -12, -60
20348, -96000, 618, 40, -12, -58
19548, -96000, 618, 38, -12, -56