x,y,z,Bx,By,Bz
-40.0,-40.0,-40.0,0.13,0.892,0.669
-40.0,-40.0,-30.0,0.309,1.235,0.617
-40.0,-40.0,-20.0,0.48,1.535,0.384
-40.0,-40.0,-10.0,0.552,1.657,-0.0
-40.0,-40.0,0.0,0.48,1.535,-0.384
-40.0,-40.0,10.0,0.309,1.235,-0.617
-40.0,-40.0,20.0,0.13,0.892,-0.669
-40.0,-40.0,30.0,-0.0,0.601,-0.601
-40.0,-40.0,40.0,-0.073,0.391,-0.489
-40.0,-30.0,-40.0,0.415,1.068,1.068
-40.0,-30.0,-30.0,0.839,1.59,1.06
-40.0,-30.0,-20.0,1.276,2.089,0.696
-40.0,-30.0,-10.0,1.472,2.304,-0.0
-40.0,-30.0,0.0,1.276,2.089,-0.696
-40.0,-30.0,10.0,0.839,1.59,-1.06
-40.0,-30.0,20.0,0.415,1.068,-1.068
-40.0,-30.0,30.0,0.13,0.669,-0.892
-40.0,-30.0,40.0,-0.023,0.407,-0.679
-40.0,-20.0,-40.0,0.839,1.06,1.59
-40.0,-20.0,-30.0,1.701,1.701,1.701
-40.0,-20.0,-20.0,2.672,2.375,1.188
-40.0,-20.0,-10.0,3.13,2.683,-0.0
-40.0,-20.0,0.0,2.672,2.375,-1.188
-40.0,-20.0,10.0,1.701,1.701,-1.701
-40.0,-20.0,20.0,0.839,1.06,-1.59
-40.0,-20.0,30.0,0.309,0.617,-1.235
-40.0,-20.0,40.0,0.044,0.353,-0.883
-40.0,-10.0,-40.0,1.276,0.696,2.089
-40.0,-10.0,-30.0,2.672,1.188,2.375
-40.0,-10.0,-20.0,4.365,1.746,1.746
-40.0,-10.0,-10.0,5.203,2.014,-0.0
-40.0,-10.0,0.0,4.365,1.746,-1.746
-40.0,-10.0,10.0,2.672,1.188,-2.375
-40.0,-10.0,20.0,1.276,0.696,-2.089
-40.0,-10.0,30.0,0.48,0.384,-1.535
-40.0,-10.0,40.0,0.105,0.21,-1.05
-40.0,0.0,-40.0,1.472,-0.0,2.304
-40.0,0.0,-30.0,3.13,-0.0,2.683
-40.0,0.0,-20.0,5.203,-0.0,2.014
-40.0,0.0,-10.0,6.25,-0.0,-0.0
-40.0,0.0,0.0,5.203,-0.0,-2.014
-40.0,0.0,10.0,3.13,-0.0,-2.683
-40.0,0.0,20.0,1.472,-0.0,-2.304
-40.0,0.0,30.0,0.552,-0.0,-1.657
-40.0,0.0,40.0,0.13,-0.0,-1.115
-40.0,10.0,-40.0,1.276,-0.696,2.089
-40.0,10.0,-30.0,2.672,-1.188,2.375
-40.0,10.0,-20.0,4.365,-1.746,1.746
-40.0,10.0,-10.0,5.203,-2.014,-0.0
-40.0,10.0,0.0,4.365,-1.746,-1.746
-40.0,10.0,10.0,2.672,-1.188,-2.375
-40.0,10.0,20.0,1.276,-0.696,-2.089
-40.0,10.0,30.0,0.48,-0.384,-1.535
-40.0,10.0,40.0,0.105,-0.21,-1.05
-40.0,20.0,-40.0,0.839,-1.06,1.59
-40.0,20.0,-30.0,1.701,-1.701,1.701
-40.0,20.0,-20.0,2.672,-2.375,1.188
-40.0,20.0,-10.0,3.13,-2.683,-0.0
-40.0,20.0,0.0,2.672,-2.375,-1.188
-40.0,20.0,10.0,1.701,-1.701,-1.701
-40.0,20.0,20.0,0.839,-1.06,-1.59
-40.0,20.0,30.0,0.309,-0.617,-1.235
-40.0,20.0,40.0,0.044,-0.353,-0.883
-40.0,30.0,-40.0,0.415,-1.068,1.068
-40.0,30.0,-30.0,0.839,-1.59,1.06
-40.0,30.0,-20.0,1.276,-2.089,0.696
-40.0,30.0,-10.0,1.472,-2.304,-0.0
-40.0,30.0,0.0,1.276,-2.089,-0.696
-40.0,30.0,10.0,0.839,-1.59,-1.06
-40.0,30.0,20.0,0.415,-1.068,-1.068
-40.0,30.0,30.0,0.13,-0.669,-0.892
-40.0,30.0,40.0,-0.023,-0.407,-0.679
-40.0,40.0,-40.0,0.13,-0.892,0.669
-40.0,40.0,-30.0,0.309,-1.235,0.617
-40.0,40.0,-20.0,0.48,-1.535,0.384
-40.0,40.0,-10.0,0.552,-1.657,-0.0
-40.0,40.0,0.0,0.48,-1.535,-0.384
-40.0,40.0,10.0,0.309,-1.235,-0.617
-40.0,40.0,20.0,0.13,-0.892,-0.669
-40.0,40.0,30.0,-0.0,-0.601,-0.601
-40.0,40.0,40.0,-0.073,-0.391,-0.489
-30.0,-40.0,-40.0,-0.208,1.068,0.801
-30.0,-40.0,-30.0,-0.088,1.59,0.795
-30.0,-40.0,-20.0,0.058,2.089,0.522
-30.0,-40.0,-10.0,0.128,2.304,-0.0
-30.0,-40.0,0.0,0.058,2.089,-0.522
-30.0,-40.0,10.0,-0.088,1.59,-0.795
-30.0,-40.0,20.0,-0.208,1.068,-0.801
-30.0,-40.0,30.0,-0.26,0.669,-0.669
-30.0,-40.0,40.0,-0.26,0.407,-0.509
-30.0,-30.0,-40.0,-0.0,1.426,1.426
-30.0,-30.0,-30.0,0.44,2.379,1.586
-30.0,-30.0,-20.0,1.017,3.432,1.144
-30.0,-30.0,-10.0,1.309,3.928,-0.0
-30.0,-30.0,0.0,1.017,3.432,-1.144
-30.0,-30.0,10.0,0.44,2.379,-1.586
-30.0,-30.0,20.0,-0.0,1.426,-1.426
-30.0,-30.0,30.0,-0.208,0.801,-1.068
-30.0,-30.0,40.0,-0.264,0.445,-0.742
-30.0,-20.0,-40.0,0.44,1.586,2.379
-30.0,-20.0,-30.0,1.678,3.021,3.021
-30.0,-20.0,-20.0,3.545,4.909,2.454
-30.0,-20.0,-10.0,4.595,5.908,-0.0
-30.0,-20.0,0.0,3.545,4.909,-2.454
-30.0,-20.0,10.0,1.678,3.021,-3.021
-30.0,-20.0,20.0,0.44,1.586,-2.379
-30.0,-20.0,30.0,-0.088,0.795,-1.59
-30.0,-20.0,40.0,-0.247,0.404,-1.011
-30.0,-10.0,-40.0,1.017,1.144,3.432
-30.0,-10.0,-30.0,3.545,2.454,4.909
-30.0,-10.0,-20.0,7.974,4.485,4.485
-30.0,-10.0,-10.0,10.752,5.692,-0.0
-30.0,-10.0,0.0,7.974,4.485,-4.485
-30.0,-10.0,10.0,3.545,2.454,-4.909
-30.0,-10.0,20.0,1.017,1.144,-3.432
-30.0,-10.0,30.0,0.058,0.522,-2.089
-30.0,-10.0,40.0,-0.221,0.248,-1.242
-30.0,0.0,-40.0,1.309,-0.0,3.928
-30.0,0.0,-30.0,4.595,-0.0,5.908
-30.0,0.0,-20.0,10.752,-0.0,5.692
-30.0,0.0,-10.0,14.815,-0.0,-0.0
-30.0,0.0,0.0,10.752,-0.0,-5.692
-30.0,0.0,10.0,4.595,-0.0,-5.908
-30.0,0.0,20.0,1.309,-0.0,-3.928
-30.0,0.0,30.0,0.128,-0.0,-2.304
-30.0,0.0,40.0,-0.208,-0.0,-1.335
-30.0,10.0,-40.0,1.017,-1.144,3.432
-30.0,10.0,-30.0,3.545,-2.454,4.909
-30.0,10.0,-20.0,7.974,-4.485,4.485
-30.0,10.0,-10.0,10.752,-5.692,-0.0
-30.0,10.0,0.0,7.974,-4.485,-4.485
-30.0,10.0,10.0,3.545,-2.454,-4.909
-30.0,10.0,20.0,1.017,-1.144,-3.432
-30.0,10.0,30.0,0.058,-0.522,-2.089
-30.0,10.0,40.0,-0.221,-0.248,-1.242
-30.0,20.0,-40.0,0.44,-1.586,2.379
-30.0,20.0,-30.0,1.678,-3.021,3.021
-30.0,20.0,-20.0,3.545,-4.909,2.454
-30.0,20.0,-10.0,4.595,-5.908,-0.0
-30.0,20.0,0.0,3.545,-4.909,-2.454
-30.0,20.0,10.0,1.678,-3.021,-3.021
-30.0,20.0,20.0,0.44,-1.586,-2.379
-30.0,20.0,30.0,-0.088,-0.795,-1.59
-30.0,20.0,40.0,-0.247,-0.404,-1.011
-30.0,30.0,-40.0,-0.0,-1.426,1.426
-30.0,30.0,-30.0,0.44,-2.379,1.586
-30.0,30.0,-20.0,1.017,-3.432,1.144
-30.0,30.0,-10.0,1.309,-3.928,-0.0
-30.0,30.0,0.0,1.017,-3.432,-1.144
-30.0,30.0,10.0,0.44,-2.379,-1.586
-30.0,30.0,20.0,-0.0,-1.426,-1.426
-30.0,30.0,30.0,-0.208,-0.801,-1.068
-30.0,30.0,40.0,-0.264,-0.445,-0.742
-30.0,40.0,-40.0,-0.208,-1.068,0.801
-30.0,40.0,-30.0,-0.088,-1.59,0.795
-30.0,40.0,-20.0,0.058,-2.089,0.522
-30.0,40.0,-10.0,0.128,-2.304,-0.0
-30.0,40.0,0.0,0.058,-2.089,-0.522
-30.0,40.0,10.0,-0.088,-1.59,-0.795
-30.0,40.0,20.0,-0.208,-1.068,-0.801
-30.0,40.0,30.0,-0.26,-0.669,-0.669
-30.0,40.0,40.0,-0.26,-0.407,-0.509
-20.0,-40.0,-40.0,-0.751,1.06,0.795
-20.0,-40.0,-30.0,-0.851,1.701,0.851
-20.0,-40.0,-20.0,-0.891,2.375,0.594
-20.0,-40.0,-10.0,-0.894,2.683,-0.0
-20.0,-40.0,0.0,-0.891,2.375,-0.594
-20.0,-40.0,10.0,-0.851,1.701,-0.851
-20.0,-40.0,20.0,-0.751,1.06,-0.795
-20.0,-40.0,30.0,-0.617,0.617,-0.617
-20.0,-40.0,40.0,-0.486,0.353,-0.442
-20.0,-30.0,-40.0,-0.881,1.586,1.586
-20.0,-30.0,-30.0,-0.839,3.021,2.014
-20.0,-30.0,-20.0,-0.545,4.909,1.636
-20.0,-30.0,-10.0,-0.328,5.908,-0.0
-20.0,-30.0,0.0,-0.545,4.909,-1.636
-20.0,-30.0,10.0,-0.839,3.021,-2.014
-20.0,-30.0,20.0,-0.881,1.586,-1.586
-20.0,-30.0,30.0,-0.751,0.795,-1.06
-20.0,-30.0,40.0,-0.584,0.404,-0.674
-20.0,-20.0,-40.0,-0.839,2.014,3.021
-20.0,-20.0,-30.0,-0.0,4.811,4.811
-20.0,-20.0,-20.0,2.469,9.877,4.938
-20.0,-20.0,-10.0,4.419,13.258,-0.0
-20.0,-20.0,0.0,2.469,9.877,-4.938
-20.0,-20.0,10.0,-0.0,4.811,-4.811
-20.0,-20.0,20.0,-0.839,2.014,-3.021
-20.0,-20.0,30.0,-0.851,0.851,-1.701
-20.0,-20.0,40.0,-0.671,0.384,-0.959
-20.0,-10.0,-40.0,-0.545,1.636,4.909
-20.0,-10.0,-30.0,2.469,4.938,9.877
-20.0,-10.0,-20.0,13.608,13.608,13.608
-20.0,-10.0,-10.0,25.044,21.466,-0.0
-20.0,-10.0,0.0,13.608,13.608,-13.608
-20.0,-10.0,10.0,2.469,4.938,-9.877
-20.0,-10.0,20.0,-0.545,1.636,-4.909
-20.0,-10.0,30.0,-0.891,0.594,-2.375
-20.0,-10.0,40.0,-0.73,0.243,-1.217
-20.0,0.0,-40.0,-0.328,-0.0,5.908
-20.0,0.0,-30.0,4.419,-0.0,13.258
-20.0,0.0,-20.0,25.044,-0.0,21.466
-20.0,0.0,-10.0,50.0,-0.0,-0.0
-20.0,0.0,0.0,25.044,-0.0,-21.466
-20.0,0.0,10.0,4.419,-0.0,-13.258
-20.0,0.0,20.0,-0.328,-0.0,-5.908
-20.0,0.0,30.0,-0.894,-0.0,-2.683
-20.0,0.0,40.0,-0.751,-0.0,-1.325
-20.0,10.0,-40.0,-0.545,-1.636,4.909
-20.0,10.0,-30.0,2.469,-4.938,9.877
-20.0,10.0,-20.0,13.608,-13.608,13.608
-20.0,10.0,-10.0,25.044,-21.466,-0.0
-20.0,10.0,0.0,13.608,-13.608,-13.608
-20.0,10.0,10.0,2.469,-4.938,-9.877
-20.0,10.0,20.0,-0.545,-1.636,-4.909
-20.0,10.0,30.0,-0.891,-0.594,-2.375
-20.0,10.0,40.0,-0.73,-0.243,-1.217
-20.0,20.0,-40.0,-0.839,-2.014,3.021
-20.0,20.0,-30.0,-0.0,-4.811,4.811
-20.0,20.0,-20.0,2.469,-9.877,4.938
-20.0,20.0,-10.0,4.419,-13.258,-0.0
-20.0,20.0,0.0,2.469,-9.877,-4.938
-20.0,20.0,10.0,-0.0,-4.811,-4.811
-20.0,20.0,20.0,-0.839,-2.014,-3.021
-20.0,20.0,30.0,-0.851,-0.851,-1.701
-20.0,20.0,40.0,-0.671,-0.384,-0.959
-20.0,30.0,-40.0,-0.881,-1.586,1.586
-20.0,30.0,-30.0,-0.839,-3.021,2.014
-20.0,30.0,-20.0,-0.545,-4.909,1.636
-20.0,30.0,-10.0,-0.328,-5.908,-0.0
-20.0,30.0,0.0,-0.545,-4.909,-1.636
-20.0,30.0,10.0,-0.839,-3.021,-2.014
-20.0,30.0,20.0,-0.881,-1.586,-1.586
-20.0,30.0,30.0,-0.751,-0.795,-1.06
-20.0,30.0,40.0,-0.584,-0.404,-0.674
-20.0,40.0,-40.0,-0.751,-1.06,0.795
-20.0,40.0,-30.0,-0.851,-1.701,0.851
-20.0,40.0,-20.0,-0.891,-2.375,0.594
-20.0,40.0,-10.0,-0.894,-2.683,-0.0
-20.0,40.0,0.0,-0.891,-2.375,-0.594
-20.0,40.0,10.0,-0.851,-1.701,-0.851
-20.0,40.0,20.0,-0.751,-1.06,-0.795
-20.0,40.0,30.0,-0.617,-0.617,-0.617
-20.0,40.0,40.0,-0.486,-0.353,-0.442
-10.0,-40.0,-40.0,-1.335,0.696,0.522
-10.0,-40.0,-30.0,-1.781,1.188,0.594
-10.0,-40.0,-20.0,-2.182,1.746,0.436
-10.0,-40.0,-10.0,-2.35,2.014,-0.0
-10.0,-40.0,0.0,-2.182,1.746,-0.436
-10.0,-40.0,10.0,-1.781,1.188,-0.594
-10.0,-40.0,20.0,-1.335,0.696,-0.522
-10.0,-40.0,30.0,-0.959,0.384,-0.384
-10.0,-40.0,40.0,-0.682,0.21,-0.262
-10.0,-30.0,-40.0,-2.034,1.144,1.144
-10.0,-30.0,-30.0,-3.0,2.454,1.636
-10.0,-30.0,-20.0,-3.987,4.485,1.495
-10.0,-30.0,-10.0,-4.427,5.692,-0.0
-10.0,-30.0,0.0,-3.987,4.485,-1.495
-10.0,-30.0,10.0,-3.0,2.454,-1.636
-10.0,-30.0,20.0,-2.034,1.144,-1.144
-10.0,-30.0,30.0,-1.335,0.522,-0.696
-10.0,-30.0,40.0,-0.883,0.248,-0.414
-10.0,-20.0,-40.0,-3.0,1.636,2.454
-10.0,-20.0,-30.0,-4.938,4.938,4.938
-10.0,-20.0,-20.0,-6.804,13.608,6.804
-10.0,-20.0,-10.0,-7.155,21.466,-0.0
-10.0,-20.0,0.0,-6.804,13.608,-6.804
-10.0,-20.0,10.0,-4.938,4.938,-4.938
-10.0,-20.0,20.0,-3.0,1.636,-2.454
-10.0,-20.0,30.0,-1.781,0.594,-1.188
-10.0,-20.0,40.0,-1.095,0.243,-0.609
-10.0,-10.0,-40.0,-3.987,1.495,4.485
-10.0,-10.0,-30.0,-6.804,6.804,13.608
-10.0,-10.0,-20.0,-0.0,38.49,38.49
-10.0,-10.0,-10.0,35.355,106.066,-0.0
-10.0,-10.0,0.0,-0.0,38.49,-38.49
-10.0,-10.0,10.0,-6.804,6.804,-13.608
-10.0,-10.0,20.0,-3.987,1.495,-4.485
-10.0,-10.0,30.0,-2.182,0.436,-1.746
-10.0,-10.0,40.0,-1.267,0.158,-0.792
-10.0,0.0,-40.0,-4.427,-0.0,5.692
-10.0,0.0,-30.0,-7.155,-0.0,21.466
-10.0,0.0,-20.0,35.355,-0.0,106.066
-10.0,0.0,-10.0,400.0,-0.0,-0.0
-10.0,0.0,0.0,35.355,-0.0,-106.066
-10.0,0.0,10.0,-7.155,-0.0,-21.466
-10.0,0.0,20.0,-4.427,-0.0,-5.692
-10.0,0.0,30.0,-2.35,-0.0,-2.014
-10.0,0.0,40.0,-1.335,-0.0,-0.87
-10.0,10.0,-40.0,-3.987,-1.495,4.485
-10.0,10.0,-30.0,-6.804,-6.804,13.608
-10.0,10.0,-20.0,-0.0,-38.49,38.49
-10.0,10.0,-10.0,35.355,-106.066,-0.0
-10.0,10.0,0.0,-0.0,-38.49,-38.49
-10.0,10.0,10.0,-6.804,-6.804,-13.608
-10.0,10.0,20.0,-3.987,-1.495,-4.485
-10.0,10.0,30.0,-2.182,-0.436,-1.746
-10.0,10.0,40.0,-1.267,-0.158,-0.792
-10.0,20.0,-40.0,-3.0,-1.636,2.454
-10.0,20.0,-30.0,-4.938,-4.938,4.938
-10.0,20.0,-20.0,-6.804,-13.608,6.804
-10.0,20.0,-10.0,-7.155,-21.466,-0.0
-10.0,20.0,0.0,-6.804,-13.608,-6.804
-10.0,20.0,10.0,-4.938,-4.938,-4.938
-10.0,20.0,20.0,-3.0,-1.636,-2.454
-10.0,20.0,30.0,-1.781,-0.594,-1.188
-10.0,20.0,40.0,-1.095,-0.243,-0.609
-10.0,30.0,-40.0,-2.034,-1.144,1.144
-10.0,30.0,-30.0,-3.0,-2.454,1.636
-10.0,30.0,-20.0,-3.987,-4.485,1.495
-10.0,30.0,-10.0,-4.427,-5.692,-0.0
-10.0,30.0,0.0,-3.987,-4.485,-1.495
-10.0,30.0,10.0,-3.0,-2.454,-1.636
-10.0,30.0,20.0,-2.034,-1.144,-1.144
-10.0,30.0,30.0,-1.335,-0.522,-0.696
-10.0,30.0,40.0,-0.883,-0.248,-0.414
-10.0,40.0,-40.0,-1.335,-0.696,0.522
-10.0,40.0,-30.0,-1.781,-1.188,0.594
-10.0,40.0,-20.0,-2.182,-1.746,0.436
-10.0,40.0,-10.0,-2.35,-2.014,-0.0
-10.0,40.0,0.0,-2.182,-1.746,-0.436
-10.0,40.0,10.0,-1.781,-1.188,-0.594
-10.0,40.0,20.0,-1.335,-0.696,-0.522
-10.0,40.0,30.0,-0.959,-0.384,-0.384
-10.0,40.0,40.0,-0.682,-0.21,-0.262
0.0,-40.0,-40.0,-1.6,-0.0,-0.0
0.0,-40.0,-30.0,-2.236,-0.0,-0.0
0.0,-40.0,-20.0,-2.853,-0.0,-0.0
0.0,-40.0,-10.0,-3.125,-0.0,0.0
0.0,-40.0,0.0,-2.853,-0.0,0.0
0.0,-40.0,10.0,-2.236,-0.0,0.0
0.0,-40.0,20.0,-1.6,-0.0,0.0
0.0,-40.0,30.0,-1.105,-0.0,0.0
0.0,-40.0,40.0,-0.762,-0.0,0.0
0.0,-30.0,-40.0,-2.619,-0.0,-0.0
0.0,-30.0,-30.0,-4.267,-0.0,-0.0
0.0,-30.0,-20.0,-6.325,-0.0,-0.0
0.0,-30.0,-10.0,-7.407,-0.0,0.0
0.0,-30.0,0.0,-6.325,-0.0,0.0
0.0,-30.0,10.0,-4.267,-0.0,0.0
0.0,-30.0,20.0,-2.619,-0.0,0.0
0.0,-30.0,30.0,-1.6,-0.0,0.0
0.0,-30.0,40.0,-1.009,-0.0,0.0
0.0,-20.0,-40.0,-4.267,-0.0,-0.0
0.0,-20.0,-30.0,-8.839,-0.0,-0.0
0.0,-20.0,-20.0,-17.889,-0.0,-0.0
0.0,-20.0,-10.0,-25.0,-0.0,0.0
0.0,-20.0,0.0,-17.889,-0.0,0.0
0.0,-20.0,10.0,-8.839,-0.0,0.0
0.0,-20.0,20.0,-4.267,-0.0,0.0
0.0,-20.0,30.0,-2.236,-0.0,0.0
0.0,-20.0,40.0,-1.281,-0.0,0.0
0.0,-10.0,-40.0,-6.325,-0.0,-0.0
0.0,-10.0,-30.0,-17.889,-0.0,-0.0
0.0,-10.0,-20.0,-70.711,-0.0,-0.0
0.0,-10.0,-10.0,-200.0,-0.0,0.0
0.0,-10.0,0.0,-70.711,-0.0,0.0
0.0,-10.0,10.0,-17.889,-0.0,0.0
0.0,-10.0,20.0,-6.325,-0.0,0.0
0.0,-10.0,30.0,-2.853,-0.0,0.0
0.0,-10.0,40.0,-1.509,-0.0,0.0
0.0,0.0,-40.0,-7.407,0.0,-0.0
0.0,0.0,-30.0,-25.0,0.0,-0.0
0.0,0.0,-20.0,-200.0,0.0,-0.0
0.0,0.0,-10.0,-1600.0,0.0,0.0
0.0,0.0,0.0,-200.0,0.0,0.0
0.0,0.0,10.0,-25.0,0.0,0.0
0.0,0.0,20.0,-7.407,0.0,0.0
0.0,0.0,30.0,-3.125,0.0,0.0
0.0,0.0,40.0,-1.6,0.0,0.0
0.0,10.0,-40.0,-6.325,0.0,-0.0
0.0,10.0,-30.0,-17.889,0.0,-0.0
0.0,10.0,-20.0,-70.711,0.0,-0.0
0.0,10.0,-10.0,-200.0,0.0,0.0
0.0,10.0,0.0,-70.711,0.0,0.0
0.0,10.0,10.0,-17.889,0.0,0.0
0.0,10.0,20.0,-6.325,0.0,0.0
0.0,10.0,30.0,-2.853,0.0,0.0
0.0,10.0,40.0,-1.509,0.0,0.0
0.0,20.0,-40.0,-4.267,0.0,-0.0
0.0,20.0,-30.0,-8.839,0.0,-0.0
0.0,20.0,-20.0,-17.889,0.0,-0.0
0.0,20.0,-10.0,-25.0,0.0,0.0
0.0,20.0,0.0,-17.889,0.0,0.0
0.0,20.0,10.0,-8.839,0.0,0.0
0.0,20.0,20.0,-4.267,0.0,0.0
0.0,20.0,30.0,-2.236,0.0,0.0
0.0,20.0,40.0,-1.281,0.0,0.0
0.0,30.0,-40.0,-2.619,0.0,-0.0
0.0,30.0,-30.0,-4.267,0.0,-0.0
0.0,30.0,-20.0,-6.325,0.0,-0.0
0.0,30.0,-10.0,-7.407,0.0,0.0
0.0,30.0,0.0,-6.325,0.0,0.0
0.0,30.0,10.0,-4.267,0.0,0.0
0.0,30.0,20.0,-2.619,0.0,0.0
0.0,30.0,30.0,-1.6,0.0,0.0
0.0,30.0,40.0,-1.009,0.0,0.0
0.0,40.0,-40.0,-1.6,0.0,-0.0
0.0,40.0,-30.0,-2.236,0.0,-0.0
0.0,40.0,-20.0,-2.853,0.0,-0.0
0.0,40.0,-10.0,-3.125,0.0,0.0
0.0,40.0,0.0,-2.853,0.0,0.0
0.0,40.0,10.0,-2.236,0.0,0.0
0.0,40.0,20.0,-1.6,0.0,0.0
0.0,40.0,30.0,-1.105,0.0,0.0
0.0,40.0,40.0,-0.762,0.0,0.0
10.0,-40.0,-40.0,-1.335,-0.696,-0.522
10.0,-40.0,-30.0,-1.781,-1.188,-0.594
10.0,-40.0,-20.0,-2.182,-1.746,-0.436
10.0,-40.0,-10.0,-2.35,-2.014,0.0
10.0,-40.0,0.0,-2.182,-1.746,0.436
10.0,-40.0,10.0,-1.781,-1.188,0.594
10.0,-40.0,20.0,-1.335,-0.696,0.522
10.0,-40.0,30.0,-0.959,-0.384,0.384
10.0,-40.0,40.0,-0.682,-0.21,0.262
10.0,-30.0,-40.0,-2.034,-1.144,-1.144
10.0,-30.0,-30.0,-3.0,-2.454,-1.636
10.0,-30.0,-20.0,-3.987,-4.485,-1.495
10.0,-30.0,-10.0,-4.427,-5.692,0.0
10.0,-30.0,0.0,-3.987,-4.485,1.495
10.0,-30.0,10.0,-3.0,-2.454,1.636
10.0,-30.0,20.0,-2.034,-1.144,1.144
10.0,-30.0,30.0,-1.335,-0.522,0.696
10.0,-30.0,40.0,-0.883,-0.248,0.414
10.0,-20.0,-40.0,-3.0,-1.636,-2.454
10.0,-20.0,-30.0,-4.938,-4.938,-4.938
10.0,-20.0,-20.0,-6.804,-13.608,-6.804
10.0,-20.0,-10.0,-7.155,-21.466,0.0
10.0,-20.0,0.0,-6.804,-13.608,6.804
10.0,-20.0,10.0,-4.938,-4.938,4.938
10.0,-20.0,20.0,-3.0,-1.636,2.454
10.0,-20.0,30.0,-1.781,-0.594,1.188
10.0,-20.0,40.0,-1.095,-0.243,0.609
10.0,-10.0,-40.0,-3.987,-1.495,-4.485
10.0,-10.0,-30.0,-6.804,-6.804,-13.608
10.0,-10.0,-20.0,-0.0,-38.49,-38.49
10.0,-10.0,-10.0,35.355,-106.066,0.0
10.0,-10.0,0.0,-0.0,-38.49,38.49
10.0,-10.0,10.0,-6.804,-6.804,13.608
10.0,-10.0,20.0,-3.987,-1.495,4.485
10.0,-10.0,30.0,-2.182,-0.436,1.746
10.0,-10.0,40.0,-1.267,-0.158,0.792
10.0,0.0,-40.0,-4.427,0.0,-5.692
10.0,0.0,-30.0,-7.155,0.0,-21.466
10.0,0.0,-20.0,35.355,0.0,-106.066
10.0,0.0,-10.0,400.0,0.0,0.0
10.0,0.0,0.0,35.355,0.0,106.066
10.0,0.0,10.0,-7.155,0.0,21.466
10.0,0.0,20.0,-4.427,0.0,5.692
10.0,0.0,30.0,-2.35,0.0,2.014
10.0,0.0,40.0,-1.335,0.0,0.87
10.0,10.0,-40.0,-3.987,1.495,-4.485
10.0,10.0,-30.0,-6.804,6.804,-13.608
10.0,10.0,-20.0,-0.0,38.49,-38.49
10.0,10.0,-10.0,35.355,106.066,0.0
10.0,10.0,0.0,-0.0,38.49,38.49
10.0,10.0,10.0,-6.804,6.804,13.608
10.0,10.0,20.0,-3.987,1.495,4.485
10.0,10.0,30.0,-2.182,0.436,1.746
10.0,10.0,40.0,-1.267,0.158,0.792
10.0,20.0,-40.0,-3.0,1.636,-2.454
10.0,20.0,-30.0,-4.938,4.938,-4.938
10.0,20.0,-20.0,-6.804,13.608,-6.804
10.0,20.0,-10.0,-7.155,21.466,0.0
10.0,20.0,0.0,-6.804,13.608,6.804
10.0,20.0,10.0,-4.938,4.938,4.938
10.0,20.0,20.0,-3.0,1.636,2.454
10.0,20.0,30.0,-1.781,0.594,1.188
10.0,20.0,40.0,-1.095,0.243,0.609
10.0,30.0,-40.0,-2.034,1.144,-1.144
10.0,30.0,-30.0,-3.0,2.454,-1.636
10.0,30.0,-20.0,-3.987,4.485,-1.495
10.0,30.0,-10.0,-4.427,5.692,0.0
10.0,30.0,0.0,-3.987,4.485,1.495
10.0,30.0,10.0,-3.0,2.454,1.636
10.0,30.0,20.0,-2.034,1.144,1.144
10.0,30.0,30.0,-1.335,0.522,0.696
10.0,30.0,40.0,-0.883,0.248,0.414
10.0,40.0,-40.0,-1.335,0.696,-0.522
10.0,40.0,-30.0,-1.781,1.188,-0.594
10.0,40.0,-20.0,-2.182,1.746,-0.436
10.0,40.0,-10.0,-2.35,2.014,0.0
10.0,40.0,0.0,-2.182,1.746,0.436
10.0,40.0,10.0,-1.781,1.188,0.594
10.0,40.0,20.0,-1.335,0.696,0.522
10.0,40.0,30.0,-0.959,0.384,0.384
10.0,40.0,40.0,-0.682,0.21,0.262
20.0,-40.0,-40.0,-0.751,-1.06,-0.795
20.0,-40.0,-30.0,-0.851,-1.701,-0.851
20.0,-40.0,-20.0,-0.891,-2.375,-0.594
20.0,-40.0,-10.0,-0.894,-2.683,0.0
20.0,-40.0,0.0,-0.891,-2.375,0.594
20.0,-40.0,10.0,-0.851,-1.701,0.851
20.0,-40.0,20.0,-0.751,-1.06,0.795
20.0,-40.0,30.0,-0.617,-0.617,0.617
20.0,-40.0,40.0,-0.486,-0.353,0.442
20.0,-30.0,-40.0,-0.881,-1.586,-1.586
20.0,-30.0,-30.0,-0.839,-3.021,-2.014
20.0,-30.0,-20.0,-0.545,-4.909,-1.636
20.0,-30.0,-10.0,-0.328,-5.908,0.0
20.0,-30.0,0.0,-0.545,-4.909,1.636
20.0,-30.0,10.0,-0.839,-3.021,2.014
20.0,-30.0,20.0,-0.881,-1.586,1.586
20.0,-30.0,30.0,-0.751,-0.795,1.06
20.0,-30.0,40.0,-0.584,-0.404,0.674
20.0,-20.0,-40.0,-0.839,-2.014,-3.021
20.0,-20.0,-30.0,-0.0,-4.811,-4.811
20.0,-20.0,-20.0,2.469,-9.877,-4.938
20.0,-20.0,-10.0,4.419,-13.258,0.0
20.0,-20.0,0.0,2.469,-9.877,4.938
20.0,-20.0,10.0,-0.0,-4.811,4.811
20.0,-20.0,20.0,-0.839,-2.014,3.021
20.0,-20.0,30.0,-0.851,-0.851,1.701
20.0,-20.0,40.0,-0.671,-0.384,0.959
20.0,-10.0,-40.0,-0.545,-1.636,-4.909
20.0,-10.0,-30.0,2.469,-4.938,-9.877
20.0,-10.0,-20.0,13.608,-13.608,-13.608
20.0,-10.0,-10.0,25.044,-21.466,0.0
20.0,-10.0,0.0,13.608,-13.608,13.608
20.0,-10.0,10.0,2.469,-4.938,9.877
20.0,-10.0,20.0,-0.545,-1.636,4.909
20.0,-10.0,30.0,-0.891,-0.594,2.375
20.0,-10.0,40.0,-0.73,-0.243,1.217
20.0,0.0,-40.0,-0.328,0.0,-5.908
20.0,0.0,-30.0,4.419,0.0,-13.258
20.0,0.0,-20.0,25.044,0.0,-21.466
20.0,0.0,-10.0,50.0,0.0,0.0
20.0,0.0,0.0,25.044,0.0,21.466
20.0,0.0,10.0,4.419,0.0,13.258
20.0,0.0,20.0,-0.328,0.0,5.908
20.0,0.0,30.0,-0.894,0.0,2.683
20.0,0.0,40.0,-0.751,0.0,1.325
20.0,10.0,-40.0,-0.545,1.636,-4.909
20.0,10.0,-30.0,2.469,4.938,-9.877
20.0,10.0,-20.0,13.608,13.608,-13.608
20.0,10.0,-10.0,25.044,21.466,0.0
20.0,10.0,0.0,13.608,13.608,13.608
20.0,10.0,10.0,2.469,4.938,9.877
20.0,10.0,20.0,-0.545,1.636,4.909
20.0,10.0,30.0,-0.891,0.594,2.375
20.0,10.0,40.0,-0.73,0.243,1.217
20.0,20.0,-40.0,-0.839,2.014,-3.021
20.0,20.0,-30.0,-0.0,4.811,-4.811
20.0,20.0,-20.0,2.469,9.877,-4.938
20.0,20.0,-10.0,4.419,13.258,0.0
20.0,20.0,0.0,2.469,9.877,4.938
20.0,20.0,10.0,-0.0,4.811,4.811
20.0,20.0,20.0,-0.839,2.014,3.021
20.0,20.0,30.0,-0.851,0.851,1.701
20.0,20.0,40.0,-0.671,0.384,0.959
20.0,30.0,-40.0,-0.881,1.586,-1.586
20.0,30.0,-30.0,-0.839,3.021,-2.014
20.0,30.0,-20.0,-0.545,4.909,-1.636
20.0,30.0,-10.0,-0.328,5.908,0.0
20.0,30.0,0.0,-0.545,4.909,1.636
20.0,30.0,10.0,-0.839,3.021,2.014
20.0,30.0,20.0,-0.881,1.586,1.586
20.0,30.0,30.0,-0.751,0.795,1.06
20.0,30.0,40.0,-0.584,0.404,0.674
20.0,40.0,-40.0,-0.751,1.06,-0.795
20.0,40.0,-30.0,-0.851,1.701,-0.851
20.0,40.0,-20.0,-0.891,2.375,-0.594
20.0,40.0,-10.0,-0.894,2.683,0.0
20.0,40.0,0.0,-0.891,2.375,0.594
20.0,40.0,10.0,-0.851,1.701,0.851
20.0,40.0,20.0,-0.751,1.06,0.795
20.0,40.0,30.0,-0.617,0.617,0.617
20.0,40.0,40.0,-0.486,0.353,0.442
30.0,-40.0,-40.0,-0.208,-1.068,-0.801
30.0,-40.0,-30.0,-0.088,-1.59,-0.795
30.0,-40.0,-20.0,0.058,-2.089,-0.522
30.0,-40.0,-10.0,0.128,-2.304,0.0
30.0,-40.0,0.0,0.058,-2.089,0.522
30.0,-40.0,10.0,-0.088,-1.59,0.795
30.0,-40.0,20.0,-0.208,-1.068,0.801
30.0,-40.0,30.0,-0.26,-0.669,0.669
30.0,-40.0,40.0,-0.26,-0.407,0.509
30.0,-30.0,-40.0,-0.0,-1.426,-1.426
30.0,-30.0,-30.0,0.44,-2.379,-1.586
30.0,-30.0,-20.0,1.017,-3.432,-1.144
30.0,-30.0,-10.0,1.309,-3.928,0.0
30.0,-30.0,0.0,1.017,-3.432,1.144
30.0,-30.0,10.0,0.44,-2.379,1.586
30.0,-30.0,20.0,-0.0,-1.426,1.426
30.0,-30.0,30.0,-0.208,-0.801,1.068
30.0,-30.0,40.0,-0.264,-0.445,0.742
30.0,-20.0,-40.0,0.44,-1.586,-2.379
30.0,-20.0,-30.0,1.678,-3.021,-3.021
30.0,-20.0,-20.0,3.545,-4.909,-2.454
30.0,-20.0,-10.0,4.595,-5.908,0.0
30.0,-20.0,0.0,3.545,-4.909,2.454
30.0,-20.0,10.0,1.678,-3.021,3.021
30.0,-20.0,20.0,0.44,-1.586,2.379
30.0,-20.0,30.0,-0.088,-0.795,1.59
30.0,-20.0,40.0,-0.247,-0.404,1.011
30.0,-10.0,-40.0,1.017,-1.144,-3.432
30.0,-10.0,-30.0,3.545,-2.454,-4.909
30.0,-10.0,-20.0,7.974,-4.485,-4.485
30.0,-10.0,-10.0,10.752,-5.692,0.0
30.0,-10.0,0.0,7.974,-4.485,4.485
30.0,-10.0,10.0,3.545,-2.454,4.909
30.0,-10.0,20.0,1.017,-1.144,3.432
30.0,-10.0,30.0,0.058,-0.522,2.089
30.0,-10.0,40.0,-0.221,-0.248,1.242
30.0,0.0,-40.0,1.309,0.0,-3.928
30.0,0.0,-30.0,4.595,0.0,-5.908
30.0,0.0,-20.0,10.752,0.0,-5.692
30.0,0.0,-10.0,14.815,0.0,0.0
30.0,0.0,0.0,10.752,0.0,5.692
30.0,0.0,10.0,4.595,0.0,5.908
30.0,0.0,20.0,1.309,0.0,3.928
30.0,0.0,30.0,0.128,0.0,2.304
30.0,0.0,40.0,-0.208,0.0,1.335
30.0,10.0,-40.0,1.017,1.144,-3.432
30.0,10.0,-30.0,3.545,2.454,-4.909
30.0,10.0,-20.0,7.974,4.485,-4.485
30.0,10.0,-10.0,10.752,5.692,0.0
30.0,10.0,0.0,7.974,4.485,4.485
30.0,10.0,10.0,3.545,2.454,4.909
30.0,10.0,20.0,1.017,1.144,3.432
30.0,10.0,30.0,0.058,0.522,2.089
30.0,10.0,40.0,-0.221,0.248,1.242
30.0,20.0,-40.0,0.44,1.586,-2.379
30.0,20.0,-30.0,1.678,3.021,-3.021
30.0,20.0,-20.0,3.545,4.909,-2.454
30.0,20.0,-10.0,4.595,5.908,0.0
30.0,20.0,0.0,3.545,4.909,2.454
30.0,20.0,10.0,1.678,3.021,3.021
30.0,20.0,20.0,0.44,1.586,2.379
30.0,20.0,30.0,-0.088,0.795,1.59
30.0,20.0,40.0,-0.247,0.404,1.011
30.0,30.0,-40.0,-0.0,1.426,-1.426
30.0,30.0,-30.0,0.44,2.379,-1.586
30.0,30.0,-20.0,1.017,3.432,-1.144
30.0,30.0,-10.0,1.309,3.928,0.0
30.0,30.0,0.0,1.017,3.432,1.144
30.0,30.0,10.0,0.44,2.379,1.586
30.0,30.0,20.0,-0.0,1.426,1.426
30.0,30.0,30.0,-0.208,0.801,1.068
30.0,30.0,40.0,-0.264,0.445,0.742
30.0,40.0,-40.0,-0.208,1.068,-0.801
30.0,40.0,-30.0,-0.088,1.59,-0.795
30.0,40.0,-20.0,0.058,2.089,-0.522
30.0,40.0,-10.0,0.128,2.304,0.0
30.0,40.0,0.0,0.058,2.089,0.522
30.0,40.0,10.0,-0.088,1.59,0.795
30.0,40.0,20.0,-0.208,1.068,0.801
30.0,40.0,30.0,-0.26,0.669,0.669
30.0,40.0,40.0,-0.26,0.407,0.509
40.0,-40.0,-40.0,0.13,-0.892,-0.669
40.0,-40.0,-30.0,0.309,-1.235,-0.617
40.0,-40.0,-20.0,0.48,-1.535,-0.384
40.0,-40.0,-10.0,0.552,-1.657,0.0
40.0,-40.0,0.0,0.48,-1.535,0.384
40.0,-40.0,10.0,0.309,-1.235,0.617
40.0,-40.0,20.0,0.13,-0.892,0.669
40.0,-40.0,30.0,-0.0,-0.601,0.601
40.0,-40.0,40.0,-0.073,-0.391,0.489
40.0,-30.0,-40.0,0.415,-1.068,-1.068
40.0,-30.0,-30.0,0.839,-1.59,-1.06
40.0,-30.0,-20.0,1.276,-2.089,-0.696
40.0,-30.0,-10.0,1.472,-2.304,0.0
40.0,-30.0,0.0,1.276,-2.089,0.696
40.0,-30.0,10.0,0.839,-1.59,1.06
40.0,-30.0,20.0,0.415,-1.068,1.068
40.0,-30.0,30.0,0.13,-0.669,0.892
40.0,-30.0,40.0,-0.023,-0.407,0.679
40.0,-20.0,-40.0,0.839,-1.06,-1.59
40.0,-20.0,-30.0,1.701,-1.701,-1.701
40.0,-20.0,-20.0,2.672,-2.375,-1.188
40.0,-20.0,-10.0,3.13,-2.683,0.0
40.0,-20.0,0.0,2.672,-2.375,1.188
40.0,-20.0,10.0,1.701,-1.701,1.701
40.0,-20.0,20.0,0.839,-1.06,1.59
40.0,-20.0,30.0,0.309,-0.617,1.235
40.0,-20.0,40.0,0.044,-0.353,0.883
40.0,-10.0,-40.0,1.276,-0.696,-2.089
40.0,-10.0,-30.0,2.672,-1.188,-2.375
40.0,-10.0,-20.0,4.365,-1.746,-1.746
40.0,-10.0,-10.0,5.203,-2.014,0.0
40.0,-10.0,0.0,4.365,-1.746,1.746
40.0,-10.0,10.0,2.672,-1.188,2.375
40.0,-10.0,20.0,1.276,-0.696,2.089
40.0,-10.0,30.0,0.48,-0.384,1.535
40.0,-10.0,40.0,0.105,-0.21,1.05
40.0,0.0,-40.0,1.472,0.0,-2.304
40.0,0.0,-30.0,3.13,0.0,-2.683
40.0,0.0,-20.0,5.203,0.0,-2.014
40.0,0.0,-10.0,6.25,0.0,0.0
40.0,0.0,0.0,5.203,0.0,2.014
40.0,0.0,10.0,3.13,0.0,2.683
40.0,0.0,20.0,1.472,0.0,2.304
40.0,0.0,30.0,0.552,0.0,1.657
40.0,0.0,40.0,0.13,0.0,1.115
40.0,10.0,-40.0,1.276,0.696,-2.089
40.0,10.0,-30.0,2.672,1.188,-2.375
40.0,10.0,-20.0,4.365,1.746,-1.746
40.0,10.0,-10.0,5.203,2.014,0.0
40.0,10.0,0.0,4.365,1.746,1.746
40.0,10.0,10.0,2.672,1.188,2.375
40.0,10.0,20.0,1.276,0.696,2.089
40.0,10.0,30.0,0.48,0.384,1.535
40.0,10.0,40.0,0.105,0.21,1.05
40.0,20.0,-40.0,0.839,1.06,-1.59
40.0,20.0,-30.0,1.701,1.701,-1.701
40.0,20.0,-20.0,2.672,2.375,-1.188
40.0,20.0,-10.0,3.13,2.683,0.0
40.0,20.0,0.0,2.672,2.375,1.188
40.0,20.0,10.0,1.701,1.701,1.701
40.0,20.0,20.0,0.839,1.06,1.59
40.0,20.0,30.0,0.309,0.617,1.235
40.0,20.0,40.0,0.044,0.353,0.883
40.0,30.0,-40.0,0.415,1.068,-1.068
40.0,30.0,-30.0,0.839,1.59,-1.06
40.0,30.0,-20.0,1.276,2.089,-0.696
40.0,30.0,-10.0,1.472,2.304,0.0
40.0,30.0,0.0,1.276,2.089,0.696
40.0,30.0,10.0,0.839,1.59,1.06
40.0,30.0,20.0,0.415,1.068,1.068
40.0,30.0,30.0,0.13,0.669,0.892
40.0,30.0,40.0,-0.023,0.407,0.679
40.0,40.0,-40.0,0.13,0.892,-0.669
40.0,40.0,-30.0,0.309,1.235,-0.617
40.0,40.0,-20.0,0.48,1.535,-0.384
40.0,40.0,-10.0,0.552,1.657,0.0
40.0,40.0,0.0,0.48,1.535,0.384
40.0,40.0,10.0,0.309,1.235,0.617
40.0,40.0,20.0,0.13,0.892,0.669
40.0,40.0,30.0,-0.0,0.601,0.601
40.0,40.0,40.0,-0.073,0.391,0.489
